Procesos,Threads,T_Secuencial,T_MPI,T_OMP,Speedup_MPI,Eficiencia_MPI,Speedup_OMP,Eficiencia_OMP,GFlops_Seq,GFlops_MPI,GFlops_OMP,Comunicacion_%,Iteraciones
1,16,0.106216,0.240128,0.158925,0.442332,44.233186,0.668342,4.177140,15.986746,7.071447,10.684620,24.701432,14320
2,16,0.107884,0.210092,0.214100,0.513509,25.675448,0.503895,3.149346,15.739613,8.082432,7.931117,43.945862,14320
4,16,0.111625,0.199124,0.251501,0.560582,14.014543,0.443836,2.773974,15.212079,8.527614,6.751666,53.476901,14320
8,16,0.118812,0.203081,0.159351,0.585047,7.313091,0.745599,4.659996,14.291907,8.361441,10.656037,62.268430,14320
16,16,0.200134,0.280651,0.225978,0.713106,4.456915,0.885635,5.535222,8.484570,6.050401,7.514236,69.224411,14320
