Procesos,Threads,T_Secuencial,T_MPI,T_OMP,Speedup_MPI,Eficiencia_MPI,Speedup_OMP,Eficiencia_OMP,GFlops_Seq,GFlops_MPI,GFlops_OMP,Comunicacion_%,Iteraciones
1,1,0.105830,0.242147,0.118193,0.437049,43.704942,0.895400,89.540039,16.045055,7.012482,14.366749,24.150138,14320
2,2,0.105422,0.213728,0.091432,0.493254,24.662680,1.153012,57.650596,16.107178,7.944924,18.571769,44.435919,14320
4,4,0.111524,0.198673,0.077883,0.561344,14.033606,1.431941,35.798524,15.225900,8.546972,21.802591,53.143968,14320
8,8,0.117794,0.205652,0.081377,0.572783,7.159791,1.447507,18.093834,14.415456,8.256932,20.866469,62.571785,14320
16,16,0.201483,0.252933,0.349121,0.796588,4.978672,0.577115,3.606969,8.427764,6.713452,4.863789,65.552906,14320
