Tiempo,Iteraciones,GFlops
0.104465,14320,16.254738
