Tiempo,Iteraciones,GFlops
12437.267912,20001,0.450310
